uuid,titre,slug,reference,description,description_courte,prix,prix_promo,promo_debut,promo_fin,stock,stock_alerte,statut,marque,modele,poids,specifications,garantie,est_en_vedette,est_nouveau,en_promo,vues,note_moyenne,nombre_avis,id_categorie,categorie_slug,id_pays,id_utilisateur,date_creation,deleted_at,segment
03495134-d282-4692-a45a-c0f52c78e0f2,Groupe electrique FG Wilson P33-6,groupe-electrique-fg-wilson-p33-6-50-2,CAT-50-02,Produit de demonstration pour la sous-categorie Groupe electrique.,Groupe electrique - modele FG Wilson P33-6,384948.00,,,,6,3,disponible,MikroTik,FG Wilson P33-6,30.00,"{""taxonomy"":{""domain"":""Catalogue Produits Techniques"",""category"":""Energie"",""subcategory"":""Groupe electrique"",""series"":""FG Wilson P33-6""},""tags"":[""demo"",""catalogue"",""groupe-electrique""],""features"":[""Livraison et installation"",""Configuration selon votre environnement"",""Support de demarrage""]}",1 an,f,t,f,17,0.00,0,50,groupe-electrique,1,1,2026-04-07 16:34:34,,general
046fefe9-53d6-4a06-b382-68efb68daa74,Serveur de sauvegarde Lenovo ThinkSystem SR630 V2,serveur-de-sauvegarde-lenovo-thinksystem-sr630-v2-20-3,CAT-20-03,Produit de demonstration pour la sous-categorie Serveur de sauvegarde.,Serveur de sauvegarde - modele Lenovo ThinkSystem SR630 V2,268983.00,,,,29,3,disponible,Huawei,Lenovo ThinkSystem SR630 V2,18.00,"{""taxonomy"":{""domain"":""Catalogue Produits Techniques"",""category"":""Archivage numerique"",""subcategory"":""Serveur de sauvegarde"",""series"":""Lenovo ThinkSystem SR630 V2""},""tags"":[""demo"",""catalogue"",""serveur-de-sauvegarde""],""features"":[""Livraison et installation"",""Configuration selon votre environnement"",""Support de demarrage""]}",1 an,f,t,f,51,0.00,0,20,serveur-sauvegarde,1,1,2026-04-07 16:34:32,,general
07ddae17-6ad8-4f06-8530-32f920d769e5,Sirene Honeywell WSS-PC-I02,sirene-honeywell-wss-pc-i02-37-2,CAT-37-02,Produit de demonstration pour la sous-categorie Sirene.,Sirene - modele Honeywell WSS-PC-I02,1641294.00,,,,4,3,disponible,MikroTik,Honeywell WSS-PC-I02,30.00,"{""taxonomy"":{""domain"":""Catalogue Produits Techniques"",""category"":""Incendie"",""subcategory"":""Sirene"",""series"":""Honeywell WSS-PC-I02""},""tags"":[""demo"",""catalogue"",""sirene""],""features"":[""Livraison et installation"",""Configuration selon votre environnement"",""Support de demarrage""]}",1 an,f,t,f,52,0.00,0,37,sirene,1,1,2026-04-07 16:34:33,,general
111177b1-0c60-4634-af5c-1f8ee65012af,Pare-feu reseau Palo Alto PA-440,pare-feu-reseau-palo-alto-pa-440-31-3,CAT-31-03,Produit de demonstration pour la sous-categorie Pare-feu reseau.,Pare-feu reseau - modele Palo Alto PA-440,1113246.00,,,,15,3,disponible,MikroTik,Palo Alto PA-440,27.00,"{""taxonomy"":{""domain"":""Catalogue Produits Techniques"",""category"":""Reseau informatique"",""subcategory"":""Pare-feu reseau"",""series"":""Palo Alto PA-440""},""tags"":[""demo"",""catalogue"",""pare-feu-reseau""],""features"":[""Livraison et installation"",""Configuration selon votre environnement"",""Support de demarrage""]}",1 an,f,t,f,114,0.00,0,31,pare-feu-reseau,1,1,2026-04-07 16:34:33,,general
1c10b951-fbac-486e-8622-8cdc91b40eee,Ordinateur de bureau HP ProDesk 400 G9,ordinateur-de-bureau-hp-prodesk-400-g9-24-2,CAT-24-02,Produit de demonstration pour la sous-categorie Ordinateur de bureau.,Ordinateur de bureau - modele HP ProDesk 400 G9,2752602.00,,,,23,3,disponible,Cisco,HP ProDesk 400 G9,8.00,"{""taxonomy"":{""domain"":""Catalogue Produits Techniques"",""category"":""Materiel informatique"",""subcategory"":""Ordinateur de bureau"",""series"":""HP ProDesk 400 G9""},""tags"":[""demo"",""catalogue"",""ordinateur-de-bureau""],""features"":[""Livraison et installation"",""Configuration selon votre environnement"",""Support de demarrage""]}",1 an,f,t,f,104,0.00,0,24,ordinateur-bureau,1,1,2026-04-07 16:34:32,,general
1e14da51-3d41-4579-8a3b-34a0eb7d9787,Autocom Yeastar S100,autocom-yeastar-s100-39-3,CAT-39-03,Produit de demonstration pour la sous-categorie Autocom.,Autocom - modele Yeastar S100,1227167.00,,,,6,3,disponible,DJI,Yeastar S100,9.00,"{""taxonomy"":{""domain"":""Catalogue Produits Techniques"",""category"":""Telecommunications"",""subcategory"":""Autocom"",""series"":""Yeastar S100""},""tags"":[""demo"",""catalogue"",""autocom""],""features"":[""Livraison et installation"",""Configuration selon votre environnement"",""Support de demarrage""]}",1 an,f,t,f,103,0.00,0,39,autocom,1,1,2026-04-07 16:34:34,,general
21fa45ec-0dcd-4c56-ad62-72fb314f29f2,Antivirus / EDR Kaspersky Endpoint Security,antivirus-edr-kaspersky-endpoint-security-44-1,CAT-44-01,Produit de demonstration pour la sous-categorie Antivirus / EDR.,Antivirus / EDR - modele Kaspersky Endpoint Security,2608076.00,,,,13,3,disponible,APC,Kaspersky Endpoint Security,3.00,"{""taxonomy"":{""domain"":""Catalogue Produits Techniques"",""category"":""Securite informatique et base de donnees"",""subcategory"":""Antivirus \/ EDR"",""series"":""Kaspersky Endpoint Security""},""tags"":[""demo"",""catalogue"",""antivirus-edr""],""features"":[""Livraison et installation"",""Configuration selon votre environnement"",""Support de demarrage""]}",1 an,f,t,f,54,0.00,0,44,antivirus-edr,1,1,2026-04-07 16:34:34,,general
2478b832-f4da-40c6-b987-4a4fa6d8db3d,SIEM / SOC Splunk Enterprise Security,siem-soc-splunk-enterprise-security-45-1,CAT-45-01,Produit de demonstration pour la sous-categorie SIEM / SOC.,SIEM / SOC - modele Splunk Enterprise Security,627239.00,,,,22,3,disponible,MikroTik,Splunk Enterprise Security,16.00,"{""taxonomy"":{""domain"":""Catalogue Produits Techniques"",""category"":""Securite informatique et base de donnees"",""subcategory"":""SIEM \/ SOC"",""series"":""Splunk Enterprise Security""},""tags"":[""demo"",""catalogue"",""siem-soc""],""features"":[""Livraison et installation"",""Configuration selon votre environnement"",""Support de demarrage""]}",1 an,f,t,f,33,0.00,0,45,siem-soc,1,1,2026-04-07 16:34:34,,general
24ef0ec3-8fa7-417e-a821-881ee5627e7b,Extincteur Extincteur ABC 6kg,extincteur-extincteur-abc-6kg-33-1,CAT-33-01,Produit de demonstration pour la sous-categorie Extincteur.,Extincteur - modele Extincteur ABC 6kg,818733.00,,,,26,3,disponible,APC,Extincteur ABC 6kg,28.00,"{""taxonomy"":{""domain"":""Catalogue Produits Techniques"",""category"":""Incendie"",""subcategory"":""Extincteur"",""series"":""Extincteur ABC 6kg""},""tags"":[""demo"",""catalogue"",""extincteur""],""features"":[""Livraison et installation"",""Configuration selon votre environnement"",""Support de demarrage""]}",1 an,f,t,f,57,0.00,0,33,extincteur,1,1,2026-04-07 16:34:33,,general
26bf2ff4-b9c1-4b98-96b0-2e92d45ee824,Extincteur Extincteur CO2 5kg,extincteur-extincteur-co2-5kg-33-2,CAT-33-02,Produit de demonstration pour la sous-categorie Extincteur.,Extincteur - modele Extincteur CO2 5kg,848069.00,,,,27,3,disponible,HP,Extincteur CO2 5kg,23.00,"{""taxonomy"":{""domain"":""Catalogue Produits Techniques"",""category"":""Incendie"",""subcategory"":""Extincteur"",""series"":""Extincteur CO2 5kg""},""tags"":[""demo"",""catalogue"",""extincteur""],""features"":[""Livraison et installation"",""Configuration selon votre environnement"",""Support de demarrage""]}",1 an,f,t,f,71,0.00,0,33,extincteur,1,1,2026-04-07 16:34:33,,general
3150a413-0ebb-4a6d-9bf6-6cd3efd774df,Regulateur / convertisseur Huawei SUN2000-10KTL-M1,regulateur-convertisseur-huawei-sun2000-10ktl-m1-52-3,CAT-52-03,Produit de demonstration pour la sous-categorie Regulateur / convertisseur.,Regulateur / convertisseur - modele Huawei SUN2000-10KTL-M1,1326056.00,,,,26,3,disponible,Cisco,Huawei SUN2000-10KTL-M1,4.00,"{""taxonomy"":{""domain"":""Catalogue Produits Techniques"",""category"":""Energie"",""subcategory"":""Regulateur \/ convertisseur"",""series"":""Huawei SUN2000-10KTL-M1""},""tags"":[""demo"",""catalogue"",""regulateur-convertisseur""],""features"":[""Livraison et installation"",""Configuration selon votre environnement"",""Support de demarrage""]}",1 an,f,t,f,20,0.00,0,52,regulateur-convertisseur,1,1,2026-04-07 16:34:34,,general
35ec9e60-3685-45cd-bb36-38505defebe3,R.I.A RIA DN19 20m,ria-ria-dn19-20m-34-2,CAT-34-02,Produit de demonstration pour la sous-categorie R.I.A.,R.I.A - modele RIA DN19 20m,856977.00,,,,6,3,disponible,DJI,RIA DN19 20m,19.00,"{""taxonomy"":{""domain"":""Catalogue Produits Techniques"",""category"":""Incendie"",""subcategory"":""R.I.A"",""series"":""RIA DN19 20m""},""tags"":[""demo"",""catalogue"",""ria""],""features"":[""Livraison et installation"",""Configuration selon votre environnement"",""Support de demarrage""]}",1 an,f,t,f,59,0.00,0,34,ria,1,1,2026-04-07 16:34:33,,general
3908ab44-7a9d-443a-9f2d-33730f76fa57,Sauvegarde base de donnees Commvault Complete,sauvegarde-base-de-donnees-commvault-complete-46-3,CAT-46-03,Produit de demonstration pour la sous-categorie Sauvegarde base de donnees.,Sauvegarde base de donnees - modele Commvault Complete,2522002.00,,,,21,3,disponible,Huawei,Commvault Complete,1.00,"{""taxonomy"":{""domain"":""Catalogue Produits Techniques"",""category"":""Securite informatique et base de donnees"",""subcategory"":""Sauvegarde base de donnees"",""series"":""Commvault Complete""},""tags"":[""demo"",""catalogue"",""sauvegarde-base-de-donnees""],""features"":[""Livraison et installation"",""Configuration selon votre environnement"",""Support de demarrage""]}",1 an,f,t,f,64,0.00,0,46,sauvegarde-base-de-donnees,1,1,2026-04-07 16:34:34,,general
3aee086c-cf17-459b-a49c-0e37b87568a9,Switch manage Aruba 6200F 48G,switch-manage-aruba-6200f-48g-28-2,CAT-28-02,Produit de demonstration pour la sous-categorie Switch manage.,Switch manage - modele Aruba 6200F 48G,2437251.00,,,,27,3,disponible,APC,Aruba 6200F 48G,10.00,"{""taxonomy"":{""domain"":""Catalogue Produits Techniques"",""category"":""Reseau informatique"",""subcategory"":""Switch manage"",""series"":""Aruba 6200F 48G""},""tags"":[""demo"",""catalogue"",""switch-manage""],""features"":[""Livraison et installation"",""Configuration selon votre environnement"",""Support de demarrage""]}",1 an,f,t,f,116,0.00,0,28,switch-manage,1,1,2026-04-07 16:34:33,,general
3b264d3b-0a21-4e3a-a33f-31a3ff16a25b,SIEM / SOC Elastic Security,siem-soc-elastic-security-45-3,CAT-45-03,Produit de demonstration pour la sous-categorie SIEM / SOC.,SIEM / SOC - modele Elastic Security,1837674.00,,,,16,3,disponible,Cisco,Elastic Security,21.00,"{""taxonomy"":{""domain"":""Catalogue Produits Techniques"",""category"":""Securite informatique et base de donnees"",""subcategory"":""SIEM \/ SOC"",""series"":""Elastic Security""},""tags"":[""demo"",""catalogue"",""siem-soc""],""features"":[""Livraison et installation"",""Configuration selon votre environnement"",""Support de demarrage""]}",1 an,f,t,f,114,0.00,0,45,siem-soc,1,1,2026-04-07 16:34:34,,general
3e626118-1fc6-4a8c-bbee-9399ff34014a,Detecteur d'humidite Fibaro Flood Sensor,detecteur-dhumidite-fibaro-flood-sensor-36-3,CAT-36-03,Produit de demonstration pour la sous-categorie Detecteur d'humidite.,Detecteur d'humidite - modele Fibaro Flood Sensor,2410284.00,,,,10,3,disponible,ZKTeco,Fibaro Flood Sensor,2.00,"{""taxonomy"":{""domain"":""Catalogue Produits Techniques"",""category"":""Incendie"",""subcategory"":""Detecteur d'humidite"",""series"":""Fibaro Flood Sensor""},""tags"":[""demo"",""catalogue"",""detecteur-dhumidite""],""features"":[""Livraison et installation"",""Configuration selon votre environnement"",""Support de demarrage""]}",1 an,f,t,f,104,0.00,0,36,detecteur-humidite,1,1,2026-04-07 16:34:33,,general
3e7883cd-b43d-4de5-a873-9477c64f79e1,Logiciel GED Alfresco Content Services,logiciel-ged-alfresco-content-services-21-1,CAT-21-01,Produit de demonstration pour la sous-categorie Logiciel GED.,Logiciel GED - modele Alfresco Content Services,3297526.00,,,,14,3,disponible,ZKTeco,Alfresco Content Services,1.00,"{""taxonomy"":{""domain"":""Catalogue Produits Techniques"",""category"":""Archivage numerique"",""subcategory"":""Logiciel GED"",""series"":""Alfresco Content Services""},""tags"":[""demo"",""catalogue"",""logiciel-ged""],""features"":[""Livraison et installation"",""Configuration selon votre environnement"",""Support de demarrage""]}",1 an,f,t,f,52,0.00,0,21,logiciel-ged,1,1,2026-04-07 16:34:32,,general
3fbec510-5186-43f9-80f8-f1c783bb47df,Autocom Panasonic KX-NS500,autocom-panasonic-kx-ns500-39-2,CAT-39-02,Produit de demonstration pour la sous-categorie Autocom.,Autocom - modele Panasonic KX-NS500,788930.00,,,,21,3,disponible,HP,Panasonic KX-NS500,5.00,"{""taxonomy"":{""domain"":""Catalogue Produits Techniques"",""category"":""Telecommunications"",""subcategory"":""Autocom"",""series"":""Panasonic KX-NS500""},""tags"":[""demo"",""catalogue"",""autocom""],""features"":[""Livraison et installation"",""Configuration selon votre environnement"",""Support de demarrage""]}",1 an,f,t,f,63,0.00,0,39,autocom,1,1,2026-04-07 16:34:34,,general
3fd5a35f-2fd8-4819-ae7c-b5f28061096a,Imprimante professionnelle Canon i-SENSYS MF754Cdw,imprimante-professionnelle-canon-i-sensys-mf754cdw-26-3,CAT-26-03,Produit de demonstration pour la sous-categorie Imprimante professionnelle.,Imprimante professionnelle - modele Canon i-SENSYS MF754Cdw,1932369.00,,,,27,3,disponible,Cisco,Canon i-SENSYS MF754Cdw,12.00,"{""taxonomy"":{""domain"":""Catalogue Produits Techniques"",""category"":""Materiel informatique"",""subcategory"":""Imprimante professionnelle"",""series"":""Canon i-SENSYS MF754Cdw""},""tags"":[""demo"",""catalogue"",""imprimante-professionnelle""],""features"":[""Livraison et installation"",""Configuration selon votre environnement"",""Support de demarrage""]}",1 an,f,t,f,29,0.00,0,26,imprimante-professionnelle,1,1,2026-04-07 16:34:32,,general
4610bfd7-59ce-497e-b37c-a3f6abdd1a7f,Switch manage Cisco C9300X-48HX,switch-manage-cisco-c9300x-48hx-28-1,CAT-28-01,Produit de demonstration pour la sous-categorie Switch manage.,Switch manage - modele Cisco C9300X-48HX,251916.00,,,,17,3,disponible,ZKTeco,Cisco C9300X-48HX,24.00,"{""taxonomy"":{""domain"":""Catalogue Produits Techniques"",""category"":""Reseau informatique"",""subcategory"":""Switch manage"",""series"":""Cisco C9300X-48HX""},""tags"":[""demo"",""catalogue"",""switch-manage""],""features"":[""Livraison et installation"",""Configuration selon votre environnement"",""Support de demarrage""]}",1 an,f,t,f,114,0.00,0,28,switch-manage,1,1,2026-04-07 16:34:33,,general
462fa35f-781b-4df4-a228-35f564b4e9ee,Serveur rack HPE ProLiant DL360 Gen10,serveur-rack-hpe-proliant-dl360-gen10-25-2,CAT-25-02,Produit de demonstration pour la sous-categorie Serveur rack.,Serveur rack - modele HPE ProLiant DL360 Gen10,165679.00,,,,11,3,disponible,MikroTik,HPE ProLiant DL360 Gen10,5.00,"{""taxonomy"":{""domain"":""Catalogue Produits Techniques"",""category"":""Materiel informatique"",""subcategory"":""Serveur rack"",""series"":""HPE ProLiant DL360 Gen10""},""tags"":[""demo"",""catalogue"",""serveur-rack""],""features"":[""Livraison et installation"",""Configuration selon votre environnement"",""Support de demarrage""]}",1 an,f,t,f,97,0.00,0,25,serveur-rack,1,1,2026-04-07 16:34:32,,general
499fc6b5-0eea-4b96-b3c3-b9a393afccbb,Routeur entreprise MikroTik CCR2004-1G-12S+2XS,routeur-entreprise-mikrotik-ccr2004-1g-12s2xs-29-2,CAT-29-02,Produit de demonstration pour la sous-categorie Routeur entreprise.,Routeur entreprise - modele MikroTik CCR2004-1G-12S+2XS,1655265.00,,,,21,3,disponible,Dell,MikroTik CCR2004-1G-12S+2XS,22.00,"{""taxonomy"":{""domain"":""Catalogue Produits Techniques"",""category"":""Reseau informatique"",""subcategory"":""Routeur entreprise"",""series"":""MikroTik CCR2004-1G-12S+2XS""},""tags"":[""demo"",""catalogue"",""routeur-entreprise""],""features"":[""Livraison et installation"",""Configuration selon votre environnement"",""Support de demarrage""]}",1 an,f,t,f,20,0.00,0,29,routeur-entreprise,1,1,2026-04-07 16:34:33,,general
49da08e2-8252-46a3-9d6c-4c1efc4752e3,Baie NAS QNAP TS-464,baie-nas-qnap-ts-464-19-2,CAT-19-02,Produit de demonstration pour la sous-categorie Baie NAS.,Baie NAS - modele QNAP TS-464,1579444.00,,,,24,3,disponible,HP,QNAP TS-464,10.00,"{""taxonomy"":{""domain"":""Catalogue Produits Techniques"",""category"":""Archivage numerique"",""subcategory"":""Baie NAS"",""series"":""QNAP TS-464""},""tags"":[""demo"",""catalogue"",""baie-nas""],""features"":[""Livraison et installation"",""Configuration selon votre environnement"",""Support de demarrage""]}",1 an,f,t,f,97,0.00,0,19,baie-nas,1,1,2026-04-07 16:34:32,,general
4a7bfb5f-1aa0-4c33-a46e-f4a7ba109386,Detecteur de fumee Honeywell ECO1003,detecteur-de-fumee-honeywell-eco1003-35-1,CAT-35-01,Produit de demonstration pour la sous-categorie Detecteur de fumee.,Detecteur de fumee - modele Honeywell ECO1003,1325729.00,,,,6,3,disponible,ZKTeco,Honeywell ECO1003,1.00,"{""taxonomy"":{""domain"":""Catalogue Produits Techniques"",""category"":""Incendie"",""subcategory"":""Detecteur de fumee"",""series"":""Honeywell ECO1003""},""tags"":[""demo"",""catalogue"",""detecteur-de-fumee""],""features"":[""Livraison et installation"",""Configuration selon votre environnement"",""Support de demarrage""]}",1 an,f,t,f,117,0.00,0,35,detecteur-fumee,1,1,2026-04-07 16:34:33,,general
4cdc0840-a7a5-420b-97f9-b4fd914b0b0a,R.I.A RIA pivotant mural,ria-ria-pivotant-mural-34-3,CAT-34-03,Produit de demonstration pour la sous-categorie R.I.A.,R.I.A - modele RIA pivotant mural,165002.00,,,,20,3,disponible,Cisco,RIA pivotant mural,22.00,"{""taxonomy"":{""domain"":""Catalogue Produits Techniques"",""category"":""Incendie"",""subcategory"":""R.I.A"",""series"":""RIA pivotant mural""},""tags"":[""demo"",""catalogue"",""ria""],""features"":[""Livraison et installation"",""Configuration selon votre environnement"",""Support de demarrage""]}",1 an,f,t,f,21,0.00,0,34,ria,1,1,2026-04-07 16:34:33,,general
4e6bfaaa-1685-4b73-a726-d990a86c04d4,Autocom Grandstream UCM6302A,autocom-grandstream-ucm6302a-39-1,CAT-39-01,Produit de demonstration pour la sous-categorie Autocom.,Autocom - modele Grandstream UCM6302A,1758311.00,,,,10,3,disponible,ZKTeco,Grandstream UCM6302A,6.00,"{""taxonomy"":{""domain"":""Catalogue Produits Techniques"",""category"":""Telecommunications"",""subcategory"":""Autocom"",""series"":""Grandstream UCM6302A""},""tags"":[""demo"",""catalogue"",""autocom""],""features"":[""Livraison et installation"",""Configuration selon votre environnement"",""Support de demarrage""]}",1 an,f,t,f,29,0.00,0,39,autocom,1,1,2026-04-07 16:34:34,,general
4eabc6fe-7ae8-4b34-ab9c-fd070681f039,Ordinateur de bureau Dell OptiPlex 7010,ordinateur-de-bureau-dell-optiplex-7010-24-1,CAT-24-01,Produit de demonstration pour la sous-categorie Ordinateur de bureau.,Ordinateur de bureau - modele Dell OptiPlex 7010,1939921.00,,,,4,3,disponible,DJI,Dell OptiPlex 7010,20.00,"{""taxonomy"":{""domain"":""Catalogue Produits Techniques"",""category"":""Materiel informatique"",""subcategory"":""Ordinateur de bureau"",""series"":""Dell OptiPlex 7010""},""tags"":[""demo"",""catalogue"",""ordinateur-de-bureau""],""features"":[""Livraison et installation"",""Configuration selon votre environnement"",""Support de demarrage""]}",1 an,f,t,f,20,0.00,0,24,ordinateur-bureau,1,1,2026-04-07 16:34:32,,general
50b0b68f-95f0-4edb-90d9-fab2c6fe80b8,Extincteur Extincteur Eau additif 9L,extincteur-extincteur-eau-additif-9l-33-3,CAT-33-03,Produit de demonstration pour la sous-categorie Extincteur.,Extincteur - modele Extincteur Eau additif 9L,1518311.00,,,,11,3,disponible,HP,Extincteur Eau additif 9L,18.00,"{""taxonomy"":{""domain"":""Catalogue Produits Techniques"",""category"":""Incendie"",""subcategory"":""Extincteur"",""series"":""Extincteur Eau additif 9L""},""tags"":[""demo"",""catalogue"",""extincteur""],""features"":[""Livraison et installation"",""Configuration selon votre environnement"",""Support de demarrage""]}",1 an,f,t,f,38,0.00,0,33,extincteur,1,1,2026-04-07 16:34:33,,general
54302f83-de64-46f7-92b7-1f2cab4d5bc0,Serveur rack Lenovo ThinkSystem SR650 V2,serveur-rack-lenovo-thinksystem-sr650-v2-25-3,CAT-25-03,Produit de demonstration pour la sous-categorie Serveur rack.,Serveur rack - modele Lenovo ThinkSystem SR650 V2,1986154.00,,,,12,3,disponible,APC,Lenovo ThinkSystem SR650 V2,8.00,"{""taxonomy"":{""domain"":""Catalogue Produits Techniques"",""category"":""Materiel informatique"",""subcategory"":""Serveur rack"",""series"":""Lenovo ThinkSystem SR650 V2""},""tags"":[""demo"",""catalogue"",""serveur-rack""],""features"":[""Livraison et installation"",""Configuration selon votre environnement"",""Support de demarrage""]}",1 an,f,t,f,118,0.00,0,25,serveur-rack,1,1,2026-04-07 16:34:32,,general
5572ad59-55bd-4716-9892-9fb6128b04b4,Pare-feu reseau Sophos XGS 2100,pare-feu-reseau-sophos-xgs-2100-31-2,CAT-31-02,Produit de demonstration pour la sous-categorie Pare-feu reseau.,Pare-feu reseau - modele Sophos XGS 2100,1480657.00,,,,26,3,disponible,Cisco,Sophos XGS 2100,26.00,"{""taxonomy"":{""domain"":""Catalogue Produits Techniques"",""category"":""Reseau informatique"",""subcategory"":""Pare-feu reseau"",""series"":""Sophos XGS 2100""},""tags"":[""demo"",""catalogue"",""pare-feu-reseau""],""features"":[""Livraison et installation"",""Configuration selon votre environnement"",""Support de demarrage""]}",1 an,f,t,f,38,0.00,0,31,pare-feu-reseau,1,1,2026-04-07 16:34:33,,general
596b7677-36b7-4588-9310-f94bfeb9d65d,TPE PAX A920,tpe-pax-a920-15-3,CAT-15-03,Produit de demonstration pour la sous-categorie TPE.,TPE - modele PAX A920,2883309.00,,,,13,3,disponible,ISD,PAX A920,12.00,"{""taxonomy"":{""domain"":""Catalogue Produits Techniques"",""category"":""Ingenierie"",""subcategory"":""TPE"",""series"":""PAX A920""},""tags"":[""demo"",""catalogue"",""tpe""],""features"":[""Livraison et installation"",""Configuration selon votre environnement"",""Support de demarrage""]}",1 an,f,t,f,82,0.00,0,15,tpe,1,1,2026-04-07 16:34:32,,general
5b560a83-cc65-4749-a419-a7d5c8acab0e,Passerelle VoIP Yeastar TG200,passerelle-voip-yeastar-tg200-41-3,CAT-41-03,Produit de demonstration pour la sous-categorie Passerelle VoIP.,Passerelle VoIP - modele Yeastar TG200,2812448.00,,,,10,3,disponible,Dell,Yeastar TG200,9.00,"{""taxonomy"":{""domain"":""Catalogue Produits Techniques"",""category"":""Telecommunications"",""subcategory"":""Passerelle VoIP"",""series"":""Yeastar TG200""},""tags"":[""demo"",""catalogue"",""passerelle-voip""],""features"":[""Livraison et installation"",""Configuration selon votre environnement"",""Support de demarrage""]}",1 an,f,t,f,31,0.00,0,41,passerelle-voip,1,1,2026-04-07 16:34:34,,general
5d278c3b-ffb6-4664-9737-40aa000b9814,Pare-feu applicatif et BDD Oracle Database Firewall,pare-feu-applicatif-et-bdd-oracle-database-firewall-47-3,CAT-47-03,Produit de demonstration pour la sous-categorie Pare-feu applicatif et BDD.,Pare-feu applicatif et BDD - modele Oracle Database Firewall,1462695.00,,,,23,3,disponible,MikroTik,Oracle Database Firewall,2.00,"{""taxonomy"":{""domain"":""Catalogue Produits Techniques"",""category"":""Securite informatique et base de donnees"",""subcategory"":""Pare-feu applicatif et BDD"",""series"":""Oracle Database Firewall""},""tags"":[""demo"",""catalogue"",""pare-feu-applicatif-et-bdd""],""features"":[""Livraison et installation"",""Configuration selon votre environnement"",""Support de demarrage""]}",1 an,f,t,f,114,0.00,0,47,pare-feu-applicatif-bdd,1,1,2026-04-07 16:34:34,,general
5e0d04e3-4908-47c2-be23-46029c348b64,Routeur 4G/5G Huawei AR502H,routeur-4g5g-huawei-ar502h-42-2,CAT-42-02,Produit de demonstration pour la sous-categorie Routeur 4G/5G.,Routeur 4G/5G - modele Huawei AR502H,1052830.00,,,,8,3,disponible,Huawei,Huawei AR502H,6.00,"{""tags"":[""demo"",""catalogue"",""routeur-4g5g""],""features"":[""Livraison et installation"",""Configuration selon votre environnement"",""Support de demarrage""]}",1 an,f,t,f,38,0.00,0,42,routeur-4g-5g,1,1,2026-04-07 16:34:34,,general
5eab2e3d-9771-472d-aef7-55f0a4b03219,Ordinateur portable HP ProBook 450 G10,ordinateur-portable-hp-probook-450-g10-23-2,CAT-23-02,Produit de demonstration pour la sous-categorie Ordinateur portable.,Ordinateur portable - modele HP ProBook 450 G10,2933604.00,,,,29,3,disponible,ISD,HP ProBook 450 G10,3.00,"{""taxonomy"":{""domain"":""Catalogue Produits Techniques"",""category"":""Materiel informatique"",""subcategory"":""Ordinateur portable"",""series"":""HP ProBook 450 G10""},""tags"":[""demo"",""catalogue"",""ordinateur-portable""],""features"":[""Livraison et installation"",""Configuration selon votre environnement"",""Support de demarrage""]}",1 an,f,t,f,83,0.00,0,23,ordinateur-portable,1,1,2026-04-07 16:34:32,,general
62fa0894-77fa-44e5-9c79-b1f91269b691,Serveur rack Dell PowerEdge R650,serveur-rack-dell-poweredge-r650-25-1,CAT-25-01,Produit de demonstration pour la sous-categorie Serveur rack.,Serveur rack - modele Dell PowerEdge R650,1391633.00,,,,21,3,disponible,APC,Dell PowerEdge R650,5.00,"{""taxonomy"":{""domain"":""Catalogue Produits Techniques"",""category"":""Materiel informatique"",""subcategory"":""Serveur rack"",""series"":""Dell PowerEdge R650""},""tags"":[""demo"",""catalogue"",""serveur-rack""],""features"":[""Livraison et installation"",""Configuration selon votre environnement"",""Support de demarrage""]}",1 an,f,t,f,69,0.00,0,25,serveur-rack,1,1,2026-04-07 16:34:32,,general
633c66a6-92ad-41e6-bc48-b48650e06e23,Baie NAS Asustor Lockerstor 4,baie-nas-asustor-lockerstor-4-19-3,CAT-19-03,Produit de demonstration pour la sous-categorie Baie NAS.,Baie NAS - modele Asustor Lockerstor 4,1309087.00,,,,6,3,disponible,HP,Asustor Lockerstor 4,24.00,"{""taxonomy"":{""domain"":""Catalogue Produits Techniques"",""category"":""Archivage numerique"",""subcategory"":""Baie NAS"",""series"":""Asustor Lockerstor 4""},""tags"":[""demo"",""catalogue"",""baie-nas""],""features"":[""Livraison et installation"",""Configuration selon votre environnement"",""Support de demarrage""]}",1 an,f,t,f,74,0.00,0,19,baie-nas,1,1,2026-04-07 16:34:32,,general
645044c4-127c-4b55-b5a0-9c7daf69da08,Point d'acces Wi-Fi Cisco Catalyst 9130AXI,point-dacces-wi-fi-cisco-catalyst-9130axi-30-1,CAT-30-01,Produit de demonstration pour la sous-categorie Point d'acces Wi-Fi.,Point d'acces Wi-Fi - modele Cisco Catalyst 9130AXI,2234746.00,,,,15,3,disponible,HP,Cisco Catalyst 9130AXI,5.00,"{""taxonomy"":{""domain"":""Catalogue Produits Techniques"",""category"":""Reseau informatique"",""subcategory"":""Point d'acces Wi-Fi"",""series"":""Cisco Catalyst 9130AXI""},""tags"":[""demo"",""catalogue"",""point-dacces-wi-fi""],""features"":[""Livraison et installation"",""Configuration selon votre environnement"",""Support de demarrage""]}",1 an,f,t,f,19,0.00,0,30,point-acces-wifi,1,1,2026-04-07 16:34:33,,general
68a3e7df-f01e-4037-9cef-14eb71e0f746,Routeur 4G/5G Teltonika RUTX50,routeur-4g5g-teltonika-rutx50-42-1,CAT-42-01,Produit de demonstration pour la sous-categorie Routeur 4G/5G.,Routeur 4G/5G - modele Teltonika RUTX50,3232363.00,,,,11,3,disponible,ZKTeco,Teltonika RUTX50,25.00,"{""taxonomy"":{""domain"":""Catalogue Produits Techniques"",""category"":""Telecommunications"",""subcategory"":""Routeur 4G\/5G"",""series"":""Teltonika RUTX50""},""tags"":[""demo"",""catalogue"",""routeur-4g5g""],""features"":[""Livraison et installation"",""Configuration selon votre environnement"",""Support de demarrage""]}",1 an,f,t,f,28,0.00,0,42,routeur-4g-5g,1,1,2026-04-07 16:34:34,,general
68a80dda-0153-4c98-bf29-ec56a009e47f,Sirene Bosch FNM-420-A-BS,sirene-bosch-fnm-420-a-bs-37-1,CAT-37-01,Produit de demonstration pour la sous-categorie Sirene.,Sirene - modele Bosch FNM-420-A-BS,619398.00,,,,13,3,disponible,ISD,Bosch FNM-420-A-BS,7.00,"{""taxonomy"":{""domain"":""Catalogue Produits Techniques"",""category"":""Incendie"",""subcategory"":""Sirene"",""series"":""Bosch FNM-420-A-BS""},""tags"":[""demo"",""catalogue"",""sirene""],""features"":[""Livraison et installation"",""Configuration selon votre environnement"",""Support de demarrage""]}",1 an,f,t,f,13,0.00,0,37,sirene,1,1,2026-04-07 16:34:33,,general
6cd70727-3bbd-41ad-9494-96b6cda6de1c,Drone DJI Mavic 3 Enterprise,drone-dji-mavic-3-enterprise-16-2,CAT-16-02,Produit de demonstration pour la sous-categorie Drone.,Drone - modele DJI Mavic 3 Enterprise,1539147.00,,,,6,3,disponible,Dell,DJI Mavic 3 Enterprise,26.00,"{""taxonomy"":{""domain"":""Catalogue Produits Techniques"",""category"":""Ingenierie"",""subcategory"":""Drone"",""series"":""DJI Mavic 3 Enterprise""},""tags"":[""demo"",""catalogue"",""drone""],""features"":[""Livraison et installation"",""Configuration selon votre environnement"",""Support de demarrage""]}",1 an,f,t,f,90,0.00,0,16,drone,1,1,2026-04-07 16:34:32,,general
76fd1544-0ec0-412d-a6d9-753284f5f81b,Ordinateur portable Lenovo ThinkPad E14 Gen 5,ordinateur-portable-lenovo-thinkpad-e14-gen-5-23-3,CAT-23-03,Produit de demonstration pour la sous-categorie Ordinateur portable.,Ordinateur portable - modele Lenovo ThinkPad E14 Gen 5,1596564.00,,,,9,3,disponible,ISD,Lenovo ThinkPad E14 Gen 5,30.00,"{""taxonomy"":{""domain"":""Catalogue Produits Techniques"",""category"":""Materiel informatique"",""subcategory"":""Ordinateur portable"",""series"":""Lenovo ThinkPad E14 Gen 5""},""tags"":[""demo"",""catalogue"",""ordinateur-portable""],""features"":[""Livraison et installation"",""Configuration selon votre environnement"",""Support de demarrage""]}",1 an,f,t,f,95,0.00,0,23,ordinateur-portable,1,1,2026-04-07 16:34:32,,general
7a210471-68cf-4efe-b1c0-5f5087bd93e8,Ordinateur portable Dell Latitude 5540,ordinateur-portable-dell-latitude-5540-23-1,CAT-23-01,Produit de demonstration pour la sous-categorie Ordinateur portable.,Ordinateur portable - modele Dell Latitude 5540,2987214.00,,,,18,3,disponible,ZKTeco,Dell Latitude 5540,3.00,"{""taxonomy"":{""domain"":""Catalogue Produits Techniques"",""category"":""Materiel informatique"",""subcategory"":""Ordinateur portable"",""series"":""Dell Latitude 5540""},""tags"":[""demo"",""catalogue"",""ordinateur-portable""],""features"":[""Livraison et installation"",""Configuration selon votre environnement"",""Support de demarrage""]}",1 an,f,t,f,2,0.00,0,23,ordinateur-portable,1,1,2026-04-07 16:34:32,,general
7ab80357-bb66-441e-b747-ce31ba5e2fb6,Telephone IP Cisco 8841,telephone-ip-cisco-8841-40-2,CAT-40-02,Produit de demonstration pour la sous-categorie Telephone IP.,Telephone IP - modele Cisco 8841,1485574.00,,,,7,3,disponible,HP,Cisco 8841,24.00,"{""taxonomy"":{""domain"":""Catalogue Produits Techniques"",""category"":""Telecommunications"",""subcategory"":""Telephone IP"",""series"":""Cisco 8841""},""tags"":[""demo"",""catalogue"",""telephone-ip""],""features"":[""Livraison et installation"",""Configuration selon votre environnement"",""Support de demarrage""]}",1 an,f,t,f,86,0.00,0,40,telephone-ip,1,1,2026-04-07 16:34:34,,general
7e52e775-ab8d-4ffc-b2a4-be1f44bbd675,Sirene Ajax StreetSiren,sirene-ajax-streetsiren-37-3,CAT-37-03,Produit de demonstration pour la sous-categorie Sirene.,Sirene - modele Ajax StreetSiren,438402.00,,,,12,3,disponible,Dell,Ajax StreetSiren,3.00,"{""taxonomy"":{""domain"":""Catalogue Produits Techniques"",""category"":""Incendie"",""subcategory"":""Sirene"",""series"":""Ajax StreetSiren""},""tags"":[""demo"",""catalogue"",""sirene""],""features"":[""Livraison et installation"",""Configuration selon votre environnement"",""Support de demarrage""]}",1 an,f,t,f,120,0.00,0,37,sirene,1,1,2026-04-07 16:34:34,,general
7f193558-fedd-4790-b189-bb90806999ee,Panneau solaire LONGi LR5-72HPH-550M,panneau-solaire-longi-lr5-72hph-550m-51-1,CAT-51-01,Produit de demonstration pour la sous-categorie Panneau solaire.,Panneau solaire - modele LONGi LR5-72HPH-550M,503656.00,,,,12,3,disponible,Dell,LONGi LR5-72HPH-550M,21.00,"{""taxonomy"":{""domain"":""Catalogue Produits Techniques"",""category"":""Energie"",""subcategory"":""Panneau solaire"",""series"":""LONGi LR5-72HPH-550M""},""tags"":[""demo"",""catalogue"",""panneau-solaire""],""features"":[""Livraison et installation"",""Configuration selon votre environnement"",""Support de demarrage""]}",1 an,f,t,f,31,0.00,0,51,panneau-solaire,1,1,2026-04-07 16:34:34,,general
80669386-1632-4ec2-87a2-10fcad5ebb3b,SIEM / SOC IBM QRadar SIEM,siem-soc-ibm-qradar-siem-45-2,CAT-45-02,Produit de demonstration pour la sous-categorie SIEM / SOC.,SIEM / SOC - modele IBM QRadar SIEM,688349.00,,,,5,3,disponible,ZKTeco,IBM QRadar SIEM,4.00,"{""taxonomy"":{""domain"":""Catalogue Produits Techniques"",""category"":""Securite informatique et base de donnees"",""subcategory"":""SIEM \/ SOC"",""series"":""IBM QRadar SIEM""},""tags"":[""demo"",""catalogue"",""siem-soc""],""features"":[""Livraison et installation"",""Configuration selon votre environnement"",""Support de demarrage""]}",1 an,f,t,f,80,0.00,0,45,siem-soc,1,1,2026-04-07 16:34:34,,general
80a4da4d-1075-4a7b-9d07-fd0ba34c8d43,Detecteur d'humidite Honeywell WLD2,detecteur-dhumidite-honeywell-wld2-36-2,CAT-36-02,Produit de demonstration pour la sous-categorie Detecteur d'humidite.,Detecteur d'humidite - modele Honeywell WLD2,1394221.00,,,,8,3,disponible,Huawei,Honeywell WLD2,26.00,"{""taxonomy"":{""domain"":""Catalogue Produits Techniques"",""category"":""Incendie"",""subcategory"":""Detecteur d'humidite"",""series"":""Honeywell WLD2""},""tags"":[""demo"",""catalogue"",""detecteur-dhumidite""],""features"":[""Livraison et installation"",""Configuration selon votre environnement"",""Support de demarrage""]}",1 an,f,t,f,95,0.00,0,36,detecteur-humidite,1,1,2026-04-07 16:34:33,,general
84111a36-0b78-4774-987f-a26895742307,Scanner documentaire Fujitsu fi-8170,scanner-documentaire-fujitsu-fi-8170-18-1,CAT-18-01,Produit de demonstration pour la sous-categorie Scanner documentaire.,Scanner documentaire - modele Fujitsu fi-8170,408996.00,,,,19,3,disponible,MikroTik,Fujitsu fi-8170,17.00,"{""taxonomy"":{""domain"":""Catalogue Produits Techniques"",""category"":""Archivage numerique"",""subcategory"":""Scanner documentaire"",""series"":""Fujitsu fi-8170""},""tags"":[""demo"",""catalogue"",""scanner-documentaire""],""features"":[""Livraison et installation"",""Configuration selon votre environnement"",""Support de demarrage""]}",1 an,f,t,f,103,0.00,0,18,scanner-documentaire,1,1,2026-04-07 16:34:32,,general
84b1d45c-71f6-4ec5-90d0-2f42e3a57816,Telephone IP Grandstream GXP2170,telephone-ip-grandstream-gxp2170-40-3,CAT-40-03,Produit de demonstration pour la sous-categorie Telephone IP.,Telephone IP - modele Grandstream GXP2170,1256374.00,,,,7,3,disponible,HP,Grandstream GXP2170,22.00,"{""taxonomy"":{""domain"":""Catalogue Produits Techniques"",""category"":""Telecommunications"",""subcategory"":""Telephone IP"",""series"":""Grandstream GXP2170""},""tags"":[""demo"",""catalogue"",""telephone-ip""],""features"":[""Livraison et installation"",""Configuration selon votre environnement"",""Support de demarrage""]}",1 an,f,t,f,35,0.00,0,40,telephone-ip,1,1,2026-04-07 16:34:34,,general
84ec0d57-bc56-48d7-bf2e-667ce3abb094,Onduleur APC Smart-UPS SMT2200IC,onduleur-apc-smart-ups-smt2200ic-49-1,CAT-49-01,Produit de demonstration pour la sous-categorie Onduleur.,Onduleur - modele APC Smart-UPS SMT2200IC,3007340.00,,,,30,3,disponible,Dell,APC Smart-UPS SMT2200IC,23.00,"{""taxonomy"":{""domain"":""Catalogue Produits Techniques"",""category"":""Energie"",""subcategory"":""Onduleur"",""series"":""APC Smart-UPS SMT2200IC""},""tags"":[""demo"",""catalogue"",""onduleur""],""features"":[""Livraison et installation"",""Configuration selon votre environnement"",""Support de demarrage""]}",1 an,f,t,f,51,0.00,0,49,onduleur,1,1,2026-04-07 16:34:34,,general
8a86bd86-f4fe-4c26-9d69-3682a76063bf,Routeur 4G/5G Peplink MAX BR1 Pro 5G,routeur-4g5g-peplink-max-br1-pro-5g-42-3,CAT-42-03,Produit de demonstration pour la sous-categorie Routeur 4G/5G.,Routeur 4G/5G - modele Peplink MAX BR1 Pro 5G,1101874.00,,,,23,3,disponible,DJI,Peplink MAX BR1 Pro 5G,30.00,"{""taxonomy"":{""domain"":""Catalogue Produits Techniques"",""category"":""Telecommunications"",""subcategory"":""Routeur 4G\/5G"",""series"":""Peplink MAX BR1 Pro 5G""},""tags"":[""demo"",""catalogue"",""routeur-4g5g""],""features"":[""Livraison et installation"",""Configuration selon votre environnement"",""Support de demarrage""]}",1 an,f,t,f,49,0.00,0,42,routeur-4g-5g,1,1,2026-04-07 16:34:34,,general
8dcb8195-e7e9-4c7f-82e9-77884e074ad9,Detecteur de fumee Apollo XP95 Optical,detecteur-de-fumee-apollo-xp95-optical-35-3,CAT-35-03,Produit de demonstration pour la sous-categorie Detecteur de fumee.,Detecteur de fumee - modele Apollo XP95 Optical,3212371.00,,,,9,3,disponible,Huawei,Apollo XP95 Optical,5.00,"{""taxonomy"":{""domain"":""Catalogue Produits Techniques"",""category"":""Incendie"",""subcategory"":""Detecteur de fumee"",""series"":""Apollo XP95 Optical""},""tags"":[""demo"",""catalogue"",""detecteur-de-fumee""],""features"":[""Livraison et installation"",""Configuration selon votre environnement"",""Support de demarrage""]}",1 an,f,t,f,63,0.00,0,35,detecteur-fumee,1,1,2026-04-07 16:34:33,,general
90df6ed5-7213-4788-a85e-70ed99be58b8,Serveur de sauvegarde HPE ProLiant DL380 Gen11,serveur-de-sauvegarde-hpe-proliant-dl380-gen11-20-2,CAT-20-02,Produit de demonstration pour la sous-categorie Serveur de sauvegarde.,Serveur de sauvegarde - modele HPE ProLiant DL380 Gen11,1662420.00,,,,23,3,disponible,ZKTeco,HPE ProLiant DL380 Gen11,23.00,"{""taxonomy"":{""domain"":""Catalogue Produits Techniques"",""category"":""Archivage numerique"",""subcategory"":""Serveur de sauvegarde"",""series"":""HPE ProLiant DL380 Gen11""},""tags"":[""demo"",""catalogue"",""serveur-de-sauvegarde""],""features"":[""Livraison et installation"",""Configuration selon votre environnement"",""Support de demarrage""]}",1 an,f,t,f,98,0.00,0,20,serveur-sauvegarde,1,1,2026-04-07 16:34:32,,general
92866875-b13e-4802-a6d9-ec2eaf27e0b1,Scanner documentaire Epson WorkForce DS-870,scanner-documentaire-epson-workforce-ds-870-18-3,CAT-18-03,Produit de demonstration pour la sous-categorie Scanner documentaire.,Scanner documentaire - modele Epson WorkForce DS-870,2894412.00,,,,14,3,disponible,Huawei,Epson WorkForce DS-870,14.00,"{""taxonomy"":{""domain"":""Catalogue Produits Techniques"",""category"":""Archivage numerique"",""subcategory"":""Scanner documentaire"",""series"":""Epson WorkForce DS-870""},""tags"":[""demo"",""catalogue"",""scanner-documentaire""],""features"":[""Livraison et installation"",""Configuration selon votre environnement"",""Support de demarrage""]}",1 an,f,t,f,67,0.00,0,18,scanner-documentaire,1,1,2026-04-07 16:34:32,,general
93f94c7e-c100-4b1a-8acf-bfb0fd066a61,Drone Autel EVO II Pro,drone-autel-evo-ii-pro-16-3,CAT-16-03,Produit de demonstration pour la sous-categorie Drone.,Drone - modele Autel EVO II Pro,1528109.00,,,,30,3,disponible,ZKTeco,Autel EVO II Pro,2.00,"{""taxonomy"":{""domain"":""Catalogue Produits Techniques"",""category"":""Ingenierie"",""subcategory"":""Drone"",""series"":""Autel EVO II Pro""},""tags"":[""demo"",""catalogue"",""drone""],""features"":[""Livraison et installation"",""Configuration selon votre environnement"",""Support de demarrage""]}",1 an,f,t,f,58,0.00,0,16,drone,1,1,2026-04-07 16:34:32,,general
96c46047-091c-47dd-b742-837f5b81d5fc,Onduleur Eaton 9E 3000i,onduleur-eaton-9e-3000i-49-2,CAT-49-02,Produit de demonstration pour la sous-categorie Onduleur.,Onduleur - modele Eaton 9E 3000i,927678.00,,,,7,3,disponible,ISD,Eaton 9E 3000i,13.00,"{""taxonomy"":{""domain"":""Catalogue Produits Techniques"",""category"":""Energie"",""subcategory"":""Onduleur"",""series"":""Eaton 9E 3000i""},""tags"":[""demo"",""catalogue"",""onduleur""],""features"":[""Livraison et installation"",""Configuration selon votre environnement"",""Support de demarrage""]}",1 an,f,t,f,93,0.00,0,49,onduleur,1,1,2026-04-07 16:34:34,,general
97ca5cf8-8c2d-4083-a473-9478aa5b7905,Groupe electrique Pramac GSW45P,groupe-electrique-pramac-gsw45p-50-3,CAT-50-03,Produit de demonstration pour la sous-categorie Groupe electrique.,Groupe electrique - modele Pramac GSW45P,3082962.00,,,,12,3,disponible,MikroTik,Pramac GSW45P,27.00,"{""taxonomy"":{""domain"":""Catalogue Produits Techniques"",""category"":""Energie"",""subcategory"":""Groupe electrique"",""series"":""Pramac GSW45P""},""tags"":[""demo"",""catalogue"",""groupe-electrique""],""features"":[""Livraison et installation"",""Configuration selon votre environnement"",""Support de demarrage""]}",1 an,f,t,f,63,0.00,0,50,groupe-electrique,1,1,2026-04-07 16:34:34,,general
985bd807-9e9e-4f74-99e5-e0092aa501df,Imprimante professionnelle Brother MFC-L6900DW,imprimante-professionnelle-brother-mfc-l6900dw-26-2,CAT-26-02,Produit de demonstration pour la sous-categorie Imprimante professionnelle.,Imprimante professionnelle - modele Brother MFC-L6900DW,271220.00,,,,8,3,disponible,APC,Brother MFC-L6900DW,13.00,"{""taxonomy"":{""domain"":""Catalogue Produits Techniques"",""category"":""Materiel informatique"",""subcategory"":""Imprimante professionnelle"",""series"":""Brother MFC-L6900DW""},""tags"":[""demo"",""catalogue"",""imprimante-professionnelle""],""features"":[""Livraison et installation"",""Configuration selon votre environnement"",""Support de demarrage""]}",1 an,f,t,f,74,0.00,0,26,imprimante-professionnelle,1,1,2026-04-07 16:34:32,,general
98a616d6-020a-4c78-846d-a20e00874845,Point d'acces Wi-Fi Ubiquiti U6 Pro,point-dacces-wi-fi-ubiquiti-u6-pro-30-3,CAT-30-03,Produit de demonstration pour la sous-categorie Point d'acces Wi-Fi.,Point d'acces Wi-Fi - modele Ubiquiti U6 Pro,2326614.00,,,,17,3,disponible,ZKTeco,Ubiquiti U6 Pro,13.00,"{""taxonomy"":{""domain"":""Catalogue Produits Techniques"",""category"":""Reseau informatique"",""subcategory"":""Point d'acces Wi-Fi"",""series"":""Ubiquiti U6 Pro""},""tags"":[""demo"",""catalogue"",""point-dacces-wi-fi""],""features"":[""Livraison et installation"",""Configuration selon votre environnement"",""Support de demarrage""]}",1 an,f,t,f,77,0.00,0,30,point-acces-wifi,1,1,2026-04-07 16:34:33,,general
99db8241-815d-4bd5-8508-8fa8d4b6173a,Telephone IP Yealink SIP-T54W,telephone-ip-yealink-sip-t54w-40-1,CAT-40-01,Produit de demonstration pour la sous-categorie Telephone IP.,Telephone IP - modele Yealink SIP-T54W,1345031.00,,,,8,3,disponible,ZKTeco,Yealink SIP-T54W,23.00,"{""taxonomy"":{""domain"":""Catalogue Produits Techniques"",""category"":""Telecommunications"",""subcategory"":""Telephone IP"",""series"":""Yealink SIP-T54W""},""tags"":[""demo"",""catalogue"",""telephone-ip""],""features"":[""Livraison et installation"",""Configuration selon votre environnement"",""Support de demarrage""]}",1 an,f,t,f,67,0.00,0,40,telephone-ip,1,1,2026-04-07 16:34:34,,general
9c66a7ff-afa5-4350-ad7f-5de644c0dfc4,Passerelle VoIP Cisco ATA191,passerelle-voip-cisco-ata191-41-2,CAT-41-02,Produit de demonstration pour la sous-categorie Passerelle VoIP.,Passerelle VoIP - modele Cisco ATA191,1217841.00,,,,16,3,disponible,ISD,Cisco ATA191,2.00,"{""taxonomy"":{""domain"":""Catalogue Produits Techniques"",""category"":""Telecommunications"",""subcategory"":""Passerelle VoIP"",""series"":""Cisco ATA191""},""tags"":[""demo"",""catalogue"",""passerelle-voip""],""features"":[""Livraison et installation"",""Configuration selon votre environnement"",""Support de demarrage""]}",1 an,f,t,f,105,0.00,0,41,passerelle-voip,1,1,2026-04-07 16:34:34,,general
a287262f-1e93-4ab5-925c-20c5f7bf8382,Pare-feu applicatif et BDD F5 Advanced WAF,pare-feu-applicatif-et-bdd-f5-advanced-waf-47-2,CAT-47-02,Produit de demonstration pour la sous-categorie Pare-feu applicatif et BDD.,Pare-feu applicatif et BDD - modele F5 Advanced WAF,464411.00,,,,22,3,disponible,DJI,F5 Advanced WAF,21.00,"{""taxonomy"":{""domain"":""Catalogue Produits Techniques"",""category"":""Securite informatique et base de donnees"",""subcategory"":""Pare-feu applicatif et BDD"",""series"":""F5 Advanced WAF""},""tags"":[""demo"",""catalogue"",""pare-feu-applicatif-et-bdd""],""features"":[""Livraison et installation"",""Configuration selon votre environnement"",""Support de demarrage""]}",1 an,f,t,f,65,0.00,0,47,pare-feu-applicatif-bdd,1,1,2026-04-07 16:34:34,,general
ac9077c3-4ffe-487d-8580-08ad74e5784a,Routeur entreprise Cisco ISR 4331,routeur-entreprise-cisco-isr-4331-29-1,CAT-29-01,Produit de demonstration pour la sous-categorie Routeur entreprise.,Routeur entreprise - modele Cisco ISR 4331,2445388.00,,,,30,3,disponible,HP,Cisco ISR 4331,1.00,"{""taxonomy"":{""domain"":""Catalogue Produits Techniques"",""category"":""Reseau informatique"",""subcategory"":""Routeur entreprise"",""series"":""Cisco ISR 4331""},""tags"":[""demo"",""catalogue"",""routeur-entreprise""],""features"":[""Livraison et installation"",""Configuration selon votre environnement"",""Support de demarrage""]}",1 an,f,t,f,85,0.00,0,29,routeur-entreprise,1,1,2026-04-07 16:34:33,,general
b0caaf78-5ae8-4743-96d6-232571d249ab,Logiciel GED M-Files,logiciel-ged-m-files-21-3,CAT-21-03,Produit de demonstration pour la sous-categorie Logiciel GED.,Logiciel GED - modele M-Files,523422.00,,,,4,3,disponible,ZKTeco,M-Files,24.00,"{""taxonomy"":{""domain"":""Catalogue Produits Techniques"",""category"":""Archivage numerique"",""subcategory"":""Logiciel GED"",""series"":""M-Files""},""tags"":[""demo"",""catalogue"",""logiciel-ged""],""features"":[""Livraison et installation"",""Configuration selon votre environnement"",""Support de demarrage""]}",1 an,f,t,f,88,0.00,0,21,logiciel-ged,1,1,2026-04-07 16:34:32,,general
b0d952bb-39be-4fde-9472-4456948efad4,Regulateur / convertisseur Victron SmartSolar MPPT 250/100,regulateur-convertisseur-victron-smartsolar-mppt-250100-52-1,CAT-52-01,Produit de demonstration pour la sous-categorie Regulateur / convertisseur.,Regulateur / convertisseur - modele Victron SmartSolar MPPT 250/100,1211511.00,,,,12,3,disponible,ISD,Victron SmartSolar MPPT 250/100,22.00,"{""taxonomy"":{""domain"":""Catalogue Produits Techniques"",""category"":""Energie"",""subcategory"":""Regulateur \/ convertisseur"",""series"":""Victron SmartSolar MPPT 250\/100""},""tags"":[""demo"",""catalogue"",""regulateur-convertisseur""],""features"":[""Livraison et installation"",""Configuration selon votre environnement"",""Support de demarrage""]}",1 an,f,t,f,2,0.00,0,52,regulateur-convertisseur,1,1,2026-04-07 16:34:34,,general
b2e60676-84b2-4920-8cd6-684cd36ac7a5,TPE Verifone VX680,tpe-verifone-vx680-15-2,CAT-15-02,Produit de demonstration pour la sous-categorie TPE.,TPE - modele Verifone VX680,2704195.00,,,,11,3,disponible,Dell,Verifone VX680,26.00,"{""tags"":[""demo"",""catalogue"",""tpe""],""features"":[""Livraison et installation"",""Configuration selon votre environnement"",""Support de demarrage""]}",1 an,f,t,f,70,0.00,0,15,tpe,1,1,2026-04-07 16:34:32,,general
b5ba1384-4592-4b3f-aaf0-a65bb03b7efc,Panneau solaire Trina Vertex S 430W,panneau-solaire-trina-vertex-s-430w-51-3,CAT-51-03,Produit de demonstration pour la sous-categorie Panneau solaire.,Panneau solaire - modele Trina Vertex S 430W,1121413.00,,,,15,3,disponible,DJI,Trina Vertex S 430W,21.00,"{""taxonomy"":{""domain"":""Catalogue Produits Techniques"",""category"":""Energie"",""subcategory"":""Panneau solaire"",""series"":""Trina Vertex S 430W""},""tags"":[""demo"",""catalogue"",""panneau-solaire""],""features"":[""Livraison et installation"",""Configuration selon votre environnement"",""Support de demarrage""]}",1 an,f,t,f,18,0.00,0,51,panneau-solaire,1,1,2026-04-07 16:34:34,,general
b84b87b5-e7f5-4b50-85e7-a7659646334f,Drone DJI Matrice 350 RTK,drone-dji-matrice-350-rtk-16-1,CAT-16-01,Produit de demonstration pour la sous-categorie Drone.,Drone - modele DJI Matrice 350 RTK,3348721.00,,,,13,3,disponible,DJI,DJI Matrice 350 RTK,25.00,"{""taxonomy"":{""domain"":""Catalogue Produits Techniques"",""category"":""Ingenierie"",""subcategory"":""Drone"",""series"":""DJI Matrice 350 RTK""},""tags"":[""demo"",""catalogue"",""drone""],""features"":[""Livraison et installation"",""Configuration selon votre environnement"",""Support de demarrage""]}",1 an,f,t,f,19,0.00,0,16,drone,1,1,2026-04-07 16:34:32,,general
b8839863-7d36-4b84-baa4-256754d70b6e,Detecteur de fumee Siemens OP720,detecteur-de-fumee-siemens-op720-35-2,CAT-35-02,Produit de demonstration pour la sous-categorie Detecteur de fumee.,Detecteur de fumee - modele Siemens OP720,2172785.00,,,,7,3,disponible,DJI,Siemens OP720,30.00,"{""taxonomy"":{""domain"":""Catalogue Produits Techniques"",""category"":""Incendie"",""subcategory"":""Detecteur de fumee"",""series"":""Siemens OP720""},""tags"":[""demo"",""catalogue"",""detecteur-de-fumee""],""features"":[""Livraison et installation"",""Configuration selon votre environnement"",""Support de demarrage""]}",1 an,f,t,f,27,0.00,0,35,detecteur-fumee,1,1,2026-04-07 16:34:33,,general
b95672c9-6501-46c0-9185-bc959f00689b,Ordinateur de bureau Lenovo ThinkCentre M75s Gen 2,ordinateur-de-bureau-lenovo-thinkcentre-m75s-gen-2-24-3,CAT-24-03,Produit de demonstration pour la sous-categorie Ordinateur de bureau.,Ordinateur de bureau - modele Lenovo ThinkCentre M75s Gen 2,2772128.00,,,,14,3,disponible,ISD,Lenovo ThinkCentre M75s Gen 2,16.00,"{""taxonomy"":{""domain"":""Catalogue Produits Techniques"",""category"":""Materiel informatique"",""subcategory"":""Ordinateur de bureau"",""series"":""Lenovo ThinkCentre M75s Gen 2""},""tags"":[""demo"",""catalogue"",""ordinateur-de-bureau""],""features"":[""Livraison et installation"",""Configuration selon votre environnement"",""Support de demarrage""]}",1 an,f,t,f,84,0.00,0,24,ordinateur-bureau,1,1,2026-04-07 16:34:32,,general
bad55ccd-fe0c-47ef-be82-21c799caaae1,Sauvegarde base de donnees Acronis Cyber Protect,sauvegarde-base-de-donnees-acronis-cyber-protect-46-2,CAT-46-02,Produit de demonstration pour la sous-categorie Sauvegarde base de donnees.,Sauvegarde base de donnees - modele Acronis Cyber Protect,2034505.00,,,,24,3,disponible,Cisco,Acronis Cyber Protect,7.00,"{""taxonomy"":{""domain"":""Catalogue Produits Techniques"",""category"":""Securite informatique et base de donnees"",""subcategory"":""Sauvegarde base de donnees"",""series"":""Acronis Cyber Protect""},""tags"":[""demo"",""catalogue"",""sauvegarde-base-de-donnees""],""features"":[""Livraison et installation"",""Configuration selon votre environnement"",""Support de demarrage""]}",1 an,f,t,f,103,0.00,0,46,sauvegarde-base-de-donnees,1,1,2026-04-07 16:34:34,,general
bc6e50ef-ca44-40b0-bcb6-5ce057f5ed13,Imprimante professionnelle HP LaserJet Enterprise MFP M430f,imprimante-professionnelle-hp-laserjet-enterprise-mfp-m430f-26-1,CAT-26-01,Produit de demonstration pour la sous-categorie Imprimante professionnelle.,Imprimante professionnelle - modele HP LaserJet Enterprise MFP M430f,1459071.00,,,,5,3,disponible,APC,HP LaserJet Enterprise MFP M430f,30.00,"{""taxonomy"":{""domain"":""Catalogue Produits Techniques"",""category"":""Materiel informatique"",""subcategory"":""Imprimante professionnelle"",""series"":""HP LaserJet Enterprise MFP M430f""},""tags"":[""demo"",""catalogue"",""imprimante-professionnelle""],""features"":[""Livraison et installation"",""Configuration selon votre environnement"",""Support de demarrage""]}",1 an,f,t,f,51,0.00,0,26,imprimante-professionnelle,1,1,2026-04-07 16:34:32,,general
bd2e17a0-301b-46f3-874f-f53d414f23df,Switch manage Ubiquiti USW-Pro-48-PoE,switch-manage-ubiquiti-usw-pro-48-poe-28-3,CAT-28-03,Produit de demonstration pour la sous-categorie Switch manage.,Switch manage - modele Ubiquiti USW-Pro-48-PoE,236555.00,,,,24,3,disponible,DJI,Ubiquiti USW-Pro-48-PoE,14.00,"{""taxonomy"":{""domain"":""Catalogue Produits Techniques"",""category"":""Reseau informatique"",""subcategory"":""Switch manage"",""series"":""Ubiquiti USW-Pro-48-PoE""},""tags"":[""demo"",""catalogue"",""switch-manage""],""features"":[""Livraison et installation"",""Configuration selon votre environnement"",""Support de demarrage""]}",1 an,f,t,f,85,0.00,0,28,switch-manage,1,1,2026-04-07 16:34:33,,general
bf25f5ca-d302-49ec-a4cd-a8ef7278fde8,Regulateur / convertisseur Schneider Conext MPPT 80 600,regulateur-convertisseur-schneider-conext-mppt-80-600-52-2,CAT-52-02,Produit de demonstration pour la sous-categorie Regulateur / convertisseur.,Regulateur / convertisseur - modele Schneider Conext MPPT 80 600,2864426.00,,,,4,3,disponible,Dell,Schneider Conext MPPT 80 600,16.00,"{""taxonomy"":{""domain"":""Catalogue Produits Techniques"",""category"":""Energie"",""subcategory"":""Regulateur \/ convertisseur"",""series"":""Schneider Conext MPPT 80 600""},""tags"":[""demo"",""catalogue"",""regulateur-convertisseur""],""features"":[""Livraison et installation"",""Configuration selon votre environnement"",""Support de demarrage""]}",1 an,f,t,f,48,0.00,0,52,regulateur-convertisseur,1,1,2026-04-07 16:34:34,,general
c0ff9df2-a8d3-4a00-9a6c-4cb6f27a2bda,Pare-feu reseau Fortinet FortiGate 60F,pare-feu-reseau-fortinet-fortigate-60f-31-1,CAT-31-01,Produit de demonstration pour la sous-categorie Pare-feu reseau.,Pare-feu reseau - modele Fortinet FortiGate 60F,999260.00,,,,13,3,disponible,Cisco,Fortinet FortiGate 60F,22.00,"{""taxonomy"":{""domain"":""Catalogue Produits Techniques"",""category"":""Reseau informatique"",""subcategory"":""Pare-feu reseau"",""series"":""Fortinet FortiGate 60F""},""tags"":[""demo"",""catalogue"",""pare-feu-reseau""],""features"":[""Livraison et installation"",""Configuration selon votre environnement"",""Support de demarrage""]}",1 an,f,t,f,47,0.00,0,31,pare-feu-reseau,1,1,2026-04-07 16:34:33,,general
c211a4d9-36f1-4bb8-a5e1-e67b4ab58995,Groupe electrique Cummins C33D5,groupe-electrique-cummins-c33d5-50-1,CAT-50-01,Produit de demonstration pour la sous-categorie Groupe electrique.,Groupe electrique - modele Cummins C33D5,957578.00,,,,14,3,disponible,Cisco,Cummins C33D5,13.00,"{""taxonomy"":{""domain"":""Catalogue Produits Techniques"",""category"":""Energie"",""subcategory"":""Groupe electrique"",""series"":""Cummins C33D5""},""tags"":[""demo"",""catalogue"",""groupe-electrique""],""features"":[""Livraison et installation"",""Configuration selon votre environnement"",""Support de demarrage""]}",1 an,f,t,f,108,0.00,0,50,groupe-electrique,1,1,2026-04-07 16:34:34,,general
c3191ace-7ad9-4a72-b921-5cdfe9bac628,Scanner documentaire Kodak Alaris S2085f,scanner-documentaire-kodak-alaris-s2085f-18-2,CAT-18-02,Produit de demonstration pour la sous-categorie Scanner documentaire.,Scanner documentaire - modele Kodak Alaris S2085f,2118910.00,,,,12,3,disponible,Huawei,Kodak Alaris S2085f,9.00,"{""taxonomy"":{""domain"":""Catalogue Produits Techniques"",""category"":""Archivage numerique"",""subcategory"":""Scanner documentaire"",""series"":""Kodak Alaris S2085f""},""tags"":[""demo"",""catalogue"",""scanner-documentaire""],""features"":[""Livraison et installation"",""Configuration selon votre environnement"",""Support de demarrage""]}",1 an,f,t,f,41,0.00,0,18,scanner-documentaire,1,1,2026-04-07 16:34:32,,general
d275a8c0-e14b-43da-ab26-5a9a4867d9cf,Antivirus / EDR Microsoft Defender for Endpoint,antivirus-edr-microsoft-defender-for-endpoint-44-3,CAT-44-03,Produit de demonstration pour la sous-categorie Antivirus / EDR.,Antivirus / EDR - modele Microsoft Defender for Endpoint,3090561.00,,,,14,3,disponible,ZKTeco,Microsoft Defender for Endpoint,6.00,"{""taxonomy"":{""domain"":""Catalogue Produits Techniques"",""category"":""Securite informatique et base de donnees"",""subcategory"":""Antivirus \/ EDR"",""series"":""Microsoft Defender for Endpoint""},""tags"":[""demo"",""catalogue"",""antivirus-edr""],""features"":[""Livraison et installation"",""Configuration selon votre environnement"",""Support de demarrage""]}",1 an,f,t,f,64,0.00,0,44,antivirus-edr,1,1,2026-04-07 16:34:34,,general
d560ce77-1422-43b3-89e1-fd2da371c172,TPE Ingenico Move/5000,tpe-ingenico-move5000-15-1,CAT-15-01,Produit de demonstration pour la sous-categorie TPE.,TPE - modele Ingenico Move/5000,2396950.00,,,,28,3,disponible,Dell,Ingenico Move/5000,26.00,"{""taxonomy"":{""domain"":""Catalogue Produits Techniques"",""category"":""Ingenierie"",""subcategory"":""TPE"",""series"":""Ingenico Move\/5000""},""tags"":[""demo"",""catalogue"",""tpe""],""features"":[""Livraison et installation"",""Configuration selon votre environnement"",""Support de demarrage""]}",1 an,f,t,f,10,0.00,0,15,tpe,1,1,2026-04-07 16:34:32,,general
d834f985-e951-4060-91f8-82bcfbc9bf5c,Panneau solaire Jinko Tiger Neo 565W,panneau-solaire-jinko-tiger-neo-565w-51-2,CAT-51-02,Produit de demonstration pour la sous-categorie Panneau solaire.,Panneau solaire - modele Jinko Tiger Neo 565W,1338703.00,,,,27,3,disponible,ISD,Jinko Tiger Neo 565W,22.00,"{""taxonomy"":{""domain"":""Catalogue Produits Techniques"",""category"":""Energie"",""subcategory"":""Panneau solaire"",""series"":""Jinko Tiger Neo 565W""},""tags"":[""demo"",""catalogue"",""panneau-solaire""],""features"":[""Livraison et installation"",""Configuration selon votre environnement"",""Support de demarrage""]}",1 an,f,t,f,37,0.00,0,51,panneau-solaire,1,1,2026-04-07 16:34:34,,general
da6f64ea-1523-494f-bc23-bcb202a43525,Point d'acces Wi-Fi Aruba AP-515,point-dacces-wi-fi-aruba-ap-515-30-2,CAT-30-02,Produit de demonstration pour la sous-categorie Point d'acces Wi-Fi.,Point d'acces Wi-Fi - modele Aruba AP-515,1761966.00,,,,10,3,disponible,Dell,Aruba AP-515,28.00,"{""taxonomy"":{""domain"":""Catalogue Produits Techniques"",""category"":""Reseau informatique"",""subcategory"":""Point d'acces Wi-Fi"",""series"":""Aruba AP-515""},""tags"":[""demo"",""catalogue"",""point-dacces-wi-fi""],""features"":[""Livraison et installation"",""Configuration selon votre environnement"",""Support de demarrage""]}",1 an,f,t,f,36,0.00,0,30,point-acces-wifi,1,1,2026-04-07 16:34:33,,general
dc1dca1c-a266-47ec-803e-f93dbb620726,Onduleur Vertiv Liebert GXT5-3000IRT2UXL,onduleur-vertiv-liebert-gxt5-3000irt2uxl-49-3,CAT-49-03,Produit de demonstration pour la sous-categorie Onduleur.,Onduleur - modele Vertiv Liebert GXT5-3000IRT2UXL,1327143.00,,,,5,3,disponible,Cisco,Vertiv Liebert GXT5-3000IRT2UXL,16.00,"{""taxonomy"":{""domain"":""Catalogue Produits Techniques"",""category"":""Energie"",""subcategory"":""Onduleur"",""series"":""Vertiv Liebert GXT5-3000IRT2UXL""},""tags"":[""demo"",""catalogue"",""onduleur""],""features"":[""Livraison et installation"",""Configuration selon votre environnement"",""Support de demarrage""]}",1 an,f,t,f,37,0.00,0,49,onduleur,1,1,2026-04-07 16:34:34,,general
dcfd6970-4db3-4136-aef1-953f9e602b39,Logiciel GED OpenText Content Suite,logiciel-ged-opentext-content-suite-21-2,CAT-21-02,Produit de demonstration pour la sous-categorie Logiciel GED.,Logiciel GED - modele OpenText Content Suite,3035466.00,,,,12,3,disponible,Dell,OpenText Content Suite,20.00,"{""taxonomy"":{""domain"":""Catalogue Produits Techniques"",""category"":""Archivage numerique"",""subcategory"":""Logiciel GED"",""series"":""OpenText Content Suite""},""tags"":[""demo"",""catalogue"",""logiciel-ged""],""features"":[""Livraison et installation"",""Configuration selon votre environnement"",""Support de demarrage""]}",1 an,f,t,f,8,0.00,0,21,logiciel-ged,1,1,2026-04-07 16:34:32,,general
e996e2d8-592b-4c0c-a41a-64798abe3388,Detecteur d'humidite Ajax LeaksProtect,detecteur-dhumidite-ajax-leaksprotect-36-1,CAT-36-01,Produit de demonstration pour la sous-categorie Detecteur d'humidite.,Detecteur d'humidite - modele Ajax LeaksProtect,2736160.00,,,,20,3,disponible,ZKTeco,Ajax LeaksProtect,26.00,"{""taxonomy"":{""domain"":""Catalogue Produits Techniques"",""category"":""Incendie"",""subcategory"":""Detecteur d'humidite"",""series"":""Ajax LeaksProtect""},""tags"":[""demo"",""catalogue"",""detecteur-dhumidite""],""features"":[""Livraison et installation"",""Configuration selon votre environnement"",""Support de demarrage""]}",1 an,f,t,f,6,0.00,0,36,detecteur-humidite,1,1,2026-04-07 16:34:33,,general
f6870624-8a7e-42c2-bdb9-07456e347ea0,Baie NAS Synology DS923+,baie-nas-synology-ds923-19-1,CAT-19-01,Produit de demonstration pour la sous-categorie Baie NAS.,Baie NAS - modele Synology DS923+,350334.00,,,,24,3,disponible,DJI,Synology DS923+,12.00,"{""taxonomy"":{""domain"":""Catalogue Produits Techniques"",""category"":""Archivage numerique"",""subcategory"":""Baie NAS"",""series"":""Synology DS923+""},""tags"":[""demo"",""catalogue"",""baie-nas""],""features"":[""Livraison et installation"",""Configuration selon votre environnement"",""Support de demarrage""]}",1 an,f,t,f,101,0.00,0,19,baie-nas,1,1,2026-04-07 16:34:32,,general
f77bddeb-f421-4c17-930e-127cbbab50dc,Pare-feu applicatif et BDD Imperva SecureSphere,pare-feu-applicatif-et-bdd-imperva-securesphere-47-1,CAT-47-01,Produit de demonstration pour la sous-categorie Pare-feu applicatif et BDD.,Pare-feu applicatif et BDD - modele Imperva SecureSphere,1422742.00,,,,15,3,disponible,MikroTik,Imperva SecureSphere,1.00,"{""taxonomy"":{""domain"":""Catalogue Produits Techniques"",""category"":""Securite informatique et base de donnees"",""subcategory"":""Pare-feu applicatif et BDD"",""series"":""Imperva SecureSphere""},""tags"":[""demo"",""catalogue"",""pare-feu-applicatif-et-bdd""],""features"":[""Livraison et installation"",""Configuration selon votre environnement"",""Support de demarrage""]}",1 an,f,t,f,59,0.00,0,47,pare-feu-applicatif-bdd,1,1,2026-04-07 16:34:34,,general
f7eb0148-7d5d-4da3-8f1d-1641429c7593,Antivirus / EDR Bitdefender GravityZone,antivirus-edr-bitdefender-gravityzone-44-2,CAT-44-02,Produit de demonstration pour la sous-categorie Antivirus / EDR.,Antivirus / EDR - modele Bitdefender GravityZone,260980.00,,,,15,3,disponible,ZKTeco,Bitdefender GravityZone,5.00,"{""taxonomy"":{""domain"":""Catalogue Produits Techniques"",""category"":""Securite informatique et base de donnees"",""subcategory"":""Antivirus \/ EDR"",""series"":""Bitdefender GravityZone""},""tags"":[""demo"",""catalogue"",""antivirus-edr""],""features"":[""Livraison et installation"",""Configuration selon votre environnement"",""Support de demarrage""]}",1 an,f,t,f,46,0.00,0,44,antivirus-edr,1,1,2026-04-07 16:34:34,,general
f89aacf5-13c9-4bbf-a8ba-24d8667cb340,Sauvegarde base de donnees Veeam Backup & Replication,sauvegarde-base-de-donnees-veeam-backup-replication-46-1,CAT-46-01,Produit de demonstration pour la sous-categorie Sauvegarde base de donnees.,Sauvegarde base de donnees - modele Veeam Backup & Replication,922263.00,,,,28,3,disponible,ISD,Veeam Backup & Replication,2.00,"{""taxonomy"":{""domain"":""Catalogue Produits Techniques"",""category"":""Securite informatique et base de donnees"",""subcategory"":""Sauvegarde base de donnees"",""series"":""Veeam Backup & Replication""},""tags"":[""demo"",""catalogue"",""sauvegarde-base-de-donnees""],""features"":[""Livraison et installation"",""Configuration selon votre environnement"",""Support de demarrage""]}",1 an,f,t,f,85,0.00,0,46,sauvegarde-base-de-donnees,1,1,2026-04-07 16:34:34,,general
f8ea2292-4bb5-439d-a83b-75bbed3467be,R.I.A RIA DN25 30m,ria-ria-dn25-30m-34-1,CAT-34-01,Produit de demonstration pour la sous-categorie R.I.A.,R.I.A - modele RIA DN25 30m,1751679.00,,,,7,3,disponible,Cisco,RIA DN25 30m,4.00,"{""taxonomy"":{""domain"":""Catalogue Produits Techniques"",""category"":""Incendie"",""subcategory"":""R.I.A"",""series"":""RIA DN25 30m""},""tags"":[""demo"",""catalogue"",""ria""],""features"":[""Livraison et installation"",""Configuration selon votre environnement"",""Support de demarrage""]}",1 an,f,t,f,73,0.00,0,34,ria,1,1,2026-04-07 16:34:33,,general
fa7e3cb3-af55-4689-9bfe-4a04725573ff,Routeur entreprise Peplink Balance 310X,routeur-entreprise-peplink-balance-310x-29-3,CAT-29-03,Produit de demonstration pour la sous-categorie Routeur entreprise.,Routeur entreprise - modele Peplink Balance 310X,3406480.00,,,,17,3,disponible,ZKTeco,Peplink Balance 310X,5.00,"{""taxonomy"":{""domain"":""Catalogue Produits Techniques"",""category"":""Reseau informatique"",""subcategory"":""Routeur entreprise"",""series"":""Peplink Balance 310X""},""tags"":[""demo"",""catalogue"",""routeur-entreprise""],""features"":[""Livraison et installation"",""Configuration selon votre environnement"",""Support de demarrage""]}",1 an,f,t,f,57,0.00,0,29,routeur-entreprise,1,1,2026-04-07 16:34:33,,general
ffeb9a2f-0f43-4ce6-be4b-909dcb0ae4a1,Passerelle VoIP Grandstream GXW4108,passerelle-voip-grandstream-gxw4108-41-1,CAT-41-01,Produit de demonstration pour la sous-categorie Passerelle VoIP.,Passerelle VoIP - modele Grandstream GXW4108,1462306.00,,,,7,3,disponible,Cisco,Grandstream GXW4108,11.00,"{""taxonomy"":{""domain"":""Catalogue Produits Techniques"",""category"":""Telecommunications"",""subcategory"":""Passerelle VoIP"",""series"":""Grandstream GXW4108""},""tags"":[""demo"",""catalogue"",""passerelle-voip""],""features"":[""Livraison et installation"",""Configuration selon votre environnement"",""Support de demarrage""]}",1 an,f,t,f,118,0.00,0,41,passerelle-voip,1,1,2026-04-07 16:34:34,,general
fffa2efb-5441-4c33-916e-58e2343f8149,Serveur de sauvegarde Dell PowerEdge R550,serveur-de-sauvegarde-dell-poweredge-r550-20-1,CAT-20-01,Produit de demonstration pour la sous-categorie Serveur de sauvegarde.,Serveur de sauvegarde - modele Dell PowerEdge R550,2803435.00,,,,26,3,disponible,ISD,Dell PowerEdge R550,11.00,"{""taxonomy"":{""domain"":""Catalogue Produits Techniques"",""category"":""Archivage numerique"",""subcategory"":""Serveur de sauvegarde"",""series"":""Dell PowerEdge R550""},""tags"":[""demo"",""catalogue"",""serveur-de-sauvegarde""],""features"":[""Livraison et installation"",""Configuration selon votre environnement"",""Support de demarrage""]}",1 an,f,t,f,105,0.00,0,20,serveur-sauvegarde,1,1,2026-04-07 16:34:32,,general
